"Gimnasio Rodas Club de Fitness,""C. Reboul, 26"""
"Synergym Málaga Los Tilos,""P.º de los Tilos, 53"""
"Basic-Fit,""C. Héroe de Sostoa, 53"""
"Forus Málaga Conde de Guadalhorce,""C. Conde de Guadalhorce, 15"""
"Boost 360 GYM,""C. Horacio Lengo"""
"Gimnasio VivaGym Málaga Juan XXIII,""Av. Juan XXIII, 23"""
"GO fit Huelin,""P.º de Antonio Machado, s/n"""
"Costa Gym,""C. Río Rocío, 2"""
"Dreams Nova Fitness Club,""Calle Ayala, 11"""
"Vals Sport Juan XXIII,""Av. Juan XXIII, 73"""
"Engagement Fit,""Pl. Cruz del Humilladero"""
"Gimnasio Ulises I,"""""
"Vals Sport Herrera Oria,""Av. del Obispo Angel Herrera Oria, 4"""
"O2 Centro Wellness Málaga,""C. Pl. de Toros Vieja, 5"""
"Leticia Velo Personal Trainer,""C. Héroe de Sostoa, 81"""
"NowFIT La Nave,""Cmo de S. Rafael, 43"""
"Discipline Center,""Pje. Mendivil, 2"""
"Basic-Fit,""C. Armengual de la Mota, 26"""
"Basic-Fit,""Av. de Andalucía, s/n"""
"Basic-Fit,""C. Félix García Palacios, 1"""
"Forus Málaga (Torcal),""C. Niño del Museo, 3"""
"NEXXO CLUB - Salud Y Entrenamientos Personalizados.,""C. Bodegueros, 28"""
"Gimnasio Club Daysu,""C. Spiteri"""
"Mi Pilates Málaga (H. Sostoa),""C. Héroe de Sostoa, 66"""
"Distrito 290 Málaga Larios,""C. Senador Francisco Román, 2-4, local 5"""
"BlackBull Gym,""Av de Europa, 67"""
"Gimnasio Oceano,""C. Curtidores, 8"""
"Gimnasio VivaGym Málaga Centro,""C. Armengual de la Mota, 12"""
"FunesFit Gym Málaga,""C. Antonio Jiménez Ruiz, 27"""
"24 Fit Beach Málaga,""36, 699803, -4.435341"""
"Urban_Funcional_Training,""Av. de Andalucía, 36"""
"NowFIT Nueva Málaga,""Calle Dr. Escassi, 11"""
"ROUND Funcional Training Center,""C/ Jacinto Verdaguer, 11"""
"Forus Málaga (Trinidad),""C. Malasaña, 4, 6"""
"MI PILATES MÁLAGA,""C. Maestro Alonso, 6"""
"Club Deportivo Atlas,""C. Valle de Abdalajís, 19"""
"Synergym Málaga Trinidad,""Av. de Barcelona, 42"""
"Gimnasio Manuel Lucena,""C. San Andrés, 35"""
"Gimnasio DORIAN,""C. Capitán Marcos García, 6"""
"Workout Málaga - Huelin - Entrenamiento,"""""
"Basic-Fit,""Abierto"""
"Forus Málaga Conde de Guadalhorce,""Abierto"""
"Synergym Málaga Los Guindos,""Av. de los Guindos, 4"""
"Pilates and Care Málaga,""Av. de Andalucía, 29"""
"Gym Núñez,"""""
"C&Mfitnessclub,"""""
"Muscle Force Gym Nueva Málaga,""C. Magistrado Salvador Barbera, 16"""
"Vals Sport Ave María,""Av de Sor Teresa Prat, 53"""
"Move Lab San Andrés,""C. Ancha del Carmen"""
"Gimnasio oceano,"""""
"Gimnasio Dino,""C. Tejares, 2"""
"Clever Nutrition & Training - Salitre,""Calle Salitre, 13"""
"Unifit Málaga - Gimnasio Fitness Centre,""C. Alcalde José María Corona, 4"""
"Vals Sport Teatinos,""C. Mesonero Romanos, 11"""
"Basic-Fit,""Blvr. Louis Pasteur, 20"""
"Océano,""Av de Europa, 104"""
"AMR fitness | Gimnasio en Málaga | entrenador personal en Málaga,""C. Ministerio de la Vivienda, 6"""
"GO fit Segalerva,""C. Actriz Rosario Pino, 16"""
"Anytime Fitness Málaga Santa Paula,""Av. de Velázquez, 79"""
"H FITNESS,""C. Hilera, 10, 1ºa"""
"Parque gimnasio,""C. Tres Cruces, 3"""
"Sitio no existente,""C. Pinzón, 3, bajo"""
"Basic-Fit,""Abierto"""
"David Lloyd Málaga,""Abierto"""
"Pilates Málaga Xtensall Studio,""Edificio Ibiza, C. Compositor Lehmberg Ruiz, 6, entreplanta puerta 4"""
"pilirojas workout,""C/ Pacífico, 16"""
"Basic-Fit,""C. Horacio Quiroga, 35"""
"Synergym Málaga Reding,""P.º Marítimo Pablo Ruiz Picasso, 15"""
"Gimnasio Sparta,""Av. Gregorio de Diego, 3"""
"NagareFit,""Cmo de S. Rafael, 91, D"""
